{
  "version": 2,
  "builds": [
    {
      "src": "package.json",
      "use": "@vercel/static-build",
      "config": {
        "distDir": "dist",
        "zeroConfig": true
      }
    }
  ],
  "routes": [
    {
      "src": "/js/(.*)",
      "headers": {
        "cache-control": "public, max-age=31536000, immutable"
      }
    },
    {
      "src": "/assets/img/(.*)",
      "headers": {
        "cache-control": "public, max-age=31536000, immutable",
        "Content-Type": "image/webp"
      }
    },
    {
      "src": "/assets/(.*)",
      "headers": {
        "cache-control": "public, max-age=31536000, immutable"
      }
    },
    {
      "handle": "filesystem"
    }
  ],
  "images": {
    "sizes": [640, 768, 1024, 1920],
    "formats": ["image/webp"],
    "minimumCacheTTL": 31536000
  }
} 